{
  "trained_at": "2026-03-08T14:08:59.762306",
  "epochs": 10,
  "batch_size": 16,
  "loss_history": [
    0.1414690613746643,
    0.06891399621963501,
    0.029691578820347786,
    0.028612375259399414,
    0.029143966734409332,
    0.027369050309062004,
    0.02650335244834423,
    0.026260066777467728,
    0.02452867478132248,
    0.024396849796175957
  ],
  "windows": 150
}