{
  "trained_at": "2026-03-08T14:08:42.314103",
  "epochs": 12,
  "batch_size": 16,
  "loss_history": [
    0.2995705008506775,
    0.2641308009624481,
    0.23476523160934448,
    0.2106400430202484,
    0.19098186492919922,
    0.17505379021167755,
    0.16218116879463196,
    0.15176106989383698,
    0.14346028864383698,
    0.13679610192775726,
    0.13133645057678223,
    0.12698088586330414
  ],
  "windows": 1749
}