{
  "trained_at": "2026-03-08T14:05:55.978127",
  "epochs": 15,
  "batch_size": 32,
  "loss_history": [
    0.17142003774642944,
    0.021781913936138153,
    0.0176206286996603,
    0.016233939677476883,
    0.014131023548543453,
    0.015408666804432869,
    0.014127158559858799,
    0.014602105133235455,
    0.0143312718719244,
    0.013621430844068527,
    0.012689498253166676,
    0.01196407899260521,
    0.013012249022722244,
    0.012280547060072422,
    0.012436976656317711
  ],
  "windows": 1409
}